{
  "generado": "2026-06-16",
  "today_day": 16,
  "curr_month": 6,
  "curr_year": 2026,
  "prev_month": 5,
  "prev_year": 2026,
  "may": {
    "billing_total": 509040232.0,
    "ot_count": 1790,
    "ticket_avg": 284380.017877095,
    "working_days": 21,
    "daily_billing_avg": 24240011.04761905,
    "billing_by_day": {
      "4": 7979376.0,
      "5": 15022060.0,
      "6": 14805817.0,
      "7": 17371178.0,
      "8": 18438146.0,
      "11": 11815147.0,
      "12": 24338049.0,
      "13": 15410799.0,
      "14": 21145274.0,
      "15": 25367738.0,
      "16": 1.0,
      "18": 19165306.0,
      "19": 19719167.0,
      "20": 46482011.0,
      "22": 43087474.0,
      "25": 26891447.0,
      "26": 27431619.0,
      "27": 43733423.0,
      "28": 34125526.0,
      "29": 69203489.0,
      "30": 7507185.0
    },
    "ots_by_day": {
      "28": 106,
      "14": 93,
      "20": 56,
      "15": 66,
      "27": 97,
      "22": 89,
      "11": 90,
      "6": 95,
      "18": 113,
      "4": 78,
      "29": 137,
      "19": 101,
      "7": 92,
      "25": 106,
      "13": 84,
      "5": 113,
      "26": 105,
      "8": 63,
      "12": 96,
      "16": 8,
      "21": 2
    },
    "mix": {
      "VTA GARANTIA": 89498498.0,
      "VTA INTERNA-CURI": 38850880.0,
      "VTA MANT PREPAGADAS": 6355651.0,
      "VTA MANTENCIONES": 255927753.0,
      "VTA MEC": 110885033.0,
      "VTA MOVIL": 7522417.0
    }
  },
  "jun": {
    "ot_count": 1041,
    "ots_by_day": {
      "3": 95,
      "1": 137,
      "8": 106,
      "4": 92,
      "11": 79,
      "15": 107,
      "12": 63,
      "5": 72,
      "9": 87,
      "10": 111,
      "2": 92
    },
    "working_so_far": 12,
    "working_total": 22,
    "working_remain": 10,
    "daily_ot_rate": 86.75
  },
  "scenarios": {
    "conservador": {
      "ots": 1804,
      "billing": 477110043.5927598
    },
    "probable": {
      "ots": 1908,
      "billing": 542597074.1094972
    },
    "optimista": {
      "ots": 1995,
      "billing": 607051805.1613408
    }
  },
  "weekly": [
    {
      "week": 1,
      "start": 1,
      "end": 7,
      "weekdays": 5,
      "actual": 488,
      "projected": 488,
      "billing": 138777448.72402236,
      "all_past": true,
      "partial": false
    },
    {
      "week": 2,
      "start": 8,
      "end": 14,
      "weekdays": 5,
      "actual": 446,
      "projected": 446,
      "billing": 126833487.97318436,
      "all_past": true,
      "partial": false
    },
    {
      "week": 3,
      "start": 15,
      "end": 21,
      "weekdays": 5,
      "actual": 107,
      "projected": 367,
      "billing": 104367466.56089385,
      "all_past": false,
      "partial": true
    },
    {
      "week": 4,
      "start": 22,
      "end": 28,
      "weekdays": 5,
      "actual": 0,
      "projected": 434,
      "billing": 123420927.75865921,
      "all_past": false,
      "partial": false
    },
    {
      "week": 5,
      "start": 29,
      "end": 30,
      "weekdays": 2,
      "actual": 0,
      "projected": 174,
      "billing": 49482123.11061452,
      "all_past": false,
      "partial": false
    }
  ],
  "sucursales": [
    {
      "sucursal": "CD REPUESTOS",
      "may_ots": 39,
      "may_billing": 7235433.0,
      "ticket_avg": 185523.92307692306,
      "jun_ots_actual": 26,
      "jun_ots_proj": 48,
      "jun_billing_proj": 8905148.307692308
    },
    {
      "sucursal": "CHILLAN",
      "may_ots": 326,
      "may_billing": 64549197.0,
      "ticket_avg": 198003.6717791411,
      "jun_ots_actual": 190,
      "jun_ots_proj": 348,
      "jun_billing_proj": 68905277.7791411
    },
    {
      "sucursal": "CURICO",
      "may_ots": 320,
      "may_billing": 90534954.0,
      "ticket_avg": 282921.73125,
      "jun_ots_actual": 188,
      "jun_ots_proj": 345,
      "jun_billing_proj": 97607997.28125
    },
    {
      "sucursal": "DESCONOCIDA",
      "may_ots": 471,
      "may_billing": 0.0,
      "ticket_avg": 0.0,
      "jun_ots_actual": 301,
      "jun_ots_proj": 552,
      "jun_billing_proj": 0.0
    },
    {
      "sucursal": "RANCAGUA",
      "may_ots": 324,
      "may_billing": 95057496.0,
      "ticket_avg": 293387.3333333333,
      "jun_ots_actual": 154,
      "jun_ots_proj": 282,
      "jun_billing_proj": 82735228.0
    },
    {
      "sucursal": "RANCAGUA USADOS",
      "may_ots": 0,
      "may_billing": 0.0,
      "ticket_avg": 284380.017877095,
      "jun_ots_actual": 1,
      "jun_ots_proj": 2,
      "jun_billing_proj": 568760.03575419
    },
    {
      "sucursal": "SAN FERNANDO",
      "may_ots": 0,
      "may_billing": 0.0,
      "ticket_avg": 284380.017877095,
      "jun_ots_actual": 1,
      "jun_ots_proj": 2,
      "jun_billing_proj": 568760.03575419
    },
    {
      "sucursal": "TALCA",
      "may_ots": 310,
      "may_billing": 110608353.0,
      "ticket_avg": 356801.13870967744,
      "jun_ots_actual": 180,
      "jun_ots_proj": 330,
      "jun_billing_proj": 117744375.77419356
    }
  ]
}