{
  "generado": "2026-06-16",
  "today_day": 16,
  "curr_month": 6,
  "curr_year": 2026,
  "prev_month": 5,
  "prev_year": 2026,
  "may": {
    "billing_total": 486887606,
    "billing_gross": 509040232,
    "billing_deduct": -22152626,
    "ot_count": 1790,
    "ticket_avg": 272004.2491620112,
    "working_days": 21,
    "daily_billing_avg": 23185124.095238097,
    "billing_by_day": {
      "4": 6975808,
      "5": 15022060,
      "6": 13630053,
      "7": 17371178,
      "8": 18142860,
      "11": 11267365,
      "12": 24338049,
      "13": 14995706,
      "14": 21145274,
      "15": 24821967,
      "16": 1,
      "18": 4311045,
      "19": 19719167,
      "20": 46255559,
      "22": 43038857,
      "25": 25079055,
      "26": 27431619,
      "27": 43013595,
      "28": 33891869,
      "29": 68931422,
      "30": 7505097
    },
    "billing_by_week": {
      "2": 71141959,
      "3": 96568362,
      "4": 113324628,
      "5": 205852657
    },
    "week_pct": {
      "2": 0.14611577317496965,
      "3": 0.19833809858778784,
      "4": 0.23275315823093679,
      "5": 0.4227929700063057
    },
    "last_week_factor": 2.197441895385047,
    "ots_by_day": {
      "4": 78,
      "5": 113,
      "6": 95,
      "7": 92,
      "8": 63,
      "11": 90,
      "12": 96,
      "13": 84,
      "14": 93,
      "15": 66,
      "16": 8,
      "18": 113,
      "19": 101,
      "20": 56,
      "21": 2,
      "22": 89,
      "25": 106,
      "26": 105,
      "27": 97,
      "28": 106,
      "29": 137
    },
    "mix": {
      "CARGO INTERNO S/T": 40259377,
      "CIERRE GERENCIA S/T": -3628782,
      "FACTURA GARANTIA S/T": 83522351,
      "FACTURA S/T": 385258504,
      "NC CLIENTE S/T": -18523844
    }
  },
  "jun": {
    "ot_count": 1041,
    "ots_by_day": {
      "1": 137,
      "2": 92,
      "3": 95,
      "4": 92,
      "5": 72,
      "8": 106,
      "9": 87,
      "10": 111,
      "11": 79,
      "12": 63,
      "15": 107
    },
    "working_so_far": 12,
    "working_total": 22,
    "working_remain": 10,
    "daily_ot_rate": 86.75
  },
  "scenarios": {
    "conservador": {
      "ots": 1804,
      "billing": 456346968.90408945
    },
    "probable": {
      "ots": 1908,
      "billing": 518984107.4011174
    },
    "optimista": {
      "ots": 1995,
      "billing": 580633870.4736873
    }
  },
  "weekly": [
    {
      "week": 1,
      "start": 1,
      "end": 7,
      "weekdays": 5,
      "actual": 488,
      "projected": 488,
      "billing": 132738073.59106146,
      "all_past": true,
      "partial": false,
      "is_last_week": false
    },
    {
      "week": 2,
      "start": 8,
      "end": 14,
      "weekdays": 5,
      "actual": 446,
      "projected": 446,
      "billing": 121313895.12625699,
      "all_past": true,
      "partial": false,
      "is_last_week": false
    },
    {
      "week": 3,
      "start": 15,
      "end": 21,
      "weekdays": 5,
      "actual": 107,
      "projected": 367,
      "billing": 99825559.44245811,
      "all_past": false,
      "partial": true,
      "is_last_week": false
    },
    {
      "week": 4,
      "start": 22,
      "end": 28,
      "weekdays": 5,
      "actual": 0,
      "projected": 434,
      "billing": 120795190.06927377,
      "all_past": false,
      "partial": false,
      "is_last_week": false
    },
    {
      "week": 5,
      "start": 29,
      "end": 30,
      "weekdays": 2,
      "actual": 0,
      "projected": 174,
      "billing": 219422832.15418997,
      "all_past": false,
      "partial": false,
      "is_last_week": true
    }
  ],
  "sucursales": [
    {
      "sucursal": "CD REPUESTOS",
      "may_ots": 39,
      "may_billing": 7235433,
      "ticket_avg": 185523.92307692306,
      "jun_ots_actual": 26,
      "jun_ots_proj": 48,
      "jun_billing_proj": 8905148.307692308
    },
    {
      "sucursal": "CHILLAN",
      "may_ots": 326,
      "may_billing": 63899841,
      "ticket_avg": 196011.78220858896,
      "jun_ots_actual": 190,
      "jun_ots_proj": 348,
      "jun_billing_proj": 68212100.20858896
    },
    {
      "sucursal": "CURICO",
      "may_ots": 320,
      "may_billing": 89488799,
      "ticket_avg": 279652.496875,
      "jun_ots_actual": 188,
      "jun_ots_proj": 345,
      "jun_billing_proj": 96480111.421875
    },
    {
      "sucursal": "DESCONOCIDA",
      "may_ots": 471,
      "may_billing": 0,
      "ticket_avg": 0,
      "jun_ots_actual": 301,
      "jun_ots_proj": 552,
      "jun_billing_proj": 0
    },
    {
      "sucursal": "RANCAGUA",
      "may_ots": 324,
      "may_billing": 94240540,
      "ticket_avg": 290865.86419753084,
      "jun_ots_actual": 154,
      "jun_ots_proj": 282,
      "jun_billing_proj": 82024173.7037037
    },
    {
      "sucursal": "RANCAGUA USADOS",
      "may_ots": 0,
      "may_billing": 0,
      "ticket_avg": 272004.2491620112,
      "jun_ots_actual": 1,
      "jun_ots_proj": 2,
      "jun_billing_proj": 544008.4983240224
    },
    {
      "sucursal": "SAN FERNANDO",
      "may_ots": 0,
      "may_billing": 0,
      "ticket_avg": 272004.2491620112,
      "jun_ots_actual": 1,
      "jun_ots_proj": 2,
      "jun_billing_proj": 544008.4983240224
    },
    {
      "sucursal": "TALCA",
      "may_ots": 310,
      "may_billing": 109228506,
      "ticket_avg": 352350.0193548387,
      "jun_ots_actual": 180,
      "jun_ots_proj": 330,
      "jun_billing_proj": 116275506.38709678
    }
  ]
}
