{
  "generado": "2026-06-16",
  "today_day": 16,
  "curr_month": 6,
  "curr_year": 2026,
  "prev_month": 5,
  "prev_year": 2026,
  "_debug_suc_prod": [
    "CD REPUESTOS",
    "CHILLAN",
    "CHILLAN VIEJO",
    "CURICO",
    "LINDEROS",
    "PLACILLA",
    "RANCAGUA",
    "TALCA"
  ],
  "may": {
    "billing_total": 486887606.0,
    "billing_gross": 509040232.0,
    "billing_deduct": -22152626.0,
    "ot_count": 1790,
    "ticket_avg": 272004.2491620112,
    "working_days": 21,
    "daily_billing_avg": 23185124.095238097,
    "billing_by_day": {
      "4": 6975808.0,
      "5": 15022060.0,
      "6": 13630053.0,
      "7": 17371178.0,
      "8": 18142860.0,
      "11": 11267365.0,
      "12": 24338049.0,
      "13": 14995706.0,
      "14": 21145274.0,
      "15": 24821967.0,
      "16": 1.0,
      "18": 4311045.0,
      "19": 19719167.0,
      "20": 46255559.0,
      "22": 43038857.0,
      "25": 25079055.0,
      "26": 27431619.0,
      "27": 43013595.0,
      "28": 33891869.0,
      "29": 68931422.0,
      "30": 7505097.0
    },
    "billing_by_week": {
      "2": 71141959.0,
      "3": 96568362.0,
      "4": 113324628.0,
      "5": 205852657.0
    },
    "week_pct": {
      "2": 0.14611577317496965,
      "3": 0.19833809858778784,
      "4": 0.23275315823093679,
      "5": 0.4227929700063057
    },
    "last_week_factor": 2.197441895385047,
    "ots_by_day": {
      "29": 137,
      "13": 84,
      "25": 106,
      "5": 113,
      "15": 66,
      "20": 56,
      "28": 106,
      "12": 96,
      "26": 105,
      "18": 113,
      "27": 97,
      "6": 95,
      "4": 78,
      "8": 63,
      "11": 90,
      "14": 93,
      "7": 92,
      "19": 101,
      "22": 89,
      "16": 8,
      "21": 2
    },
    "mix": {
      "CARGO INTERNO S/T": 40259377.0,
      "CIERRE GERENCIA S/T": -3628782.0,
      "FACTURA GARANTIA S/T": 83522351.0,
      "FACTURA S/T": 385258504.0,
      "NC CLIENTE S/T": -18523844.0
    }
  },
  "jun": {
    "ot_count": 1041,
    "ots_by_day": {
      "4": 92,
      "12": 63,
      "2": 92,
      "8": 106,
      "1": 137,
      "9": 87,
      "15": 107,
      "10": 111,
      "11": 79,
      "5": 72,
      "3": 95
    },
    "working_so_far": 12,
    "working_total": 22,
    "working_remain": 10,
    "daily_ot_rate": 86.75
  },
  "scenarios": {
    "conservador": {
      "ots": 1804,
      "billing": 456346968.90408945
    },
    "probable": {
      "ots": 1908,
      "billing": 518984107.4011174
    },
    "optimista": {
      "ots": 1995,
      "billing": 580633870.4736873
    }
  },
  "weekly": [
    {
      "week": 1,
      "start": 1,
      "end": 7,
      "weekdays": 5,
      "actual": 488,
      "projected": 488,
      "billing": 132738073.59106146,
      "all_past": true,
      "partial": false,
      "is_last_week": false
    },
    {
      "week": 2,
      "start": 8,
      "end": 14,
      "weekdays": 5,
      "actual": 446,
      "projected": 446,
      "billing": 121313895.12625699,
      "all_past": true,
      "partial": false,
      "is_last_week": false
    },
    {
      "week": 3,
      "start": 15,
      "end": 21,
      "weekdays": 5,
      "actual": 107,
      "projected": 367,
      "billing": 99825559.44245811,
      "all_past": false,
      "partial": true,
      "is_last_week": false
    },
    {
      "week": 4,
      "start": 22,
      "end": 28,
      "weekdays": 5,
      "actual": 0,
      "projected": 434,
      "billing": 120795190.06927377,
      "all_past": false,
      "partial": false,
      "is_last_week": false
    },
    {
      "week": 5,
      "start": 29,
      "end": 30,
      "weekdays": 2,
      "actual": 0,
      "projected": 174,
      "billing": 219422832.15418997,
      "all_past": false,
      "partial": false,
      "is_last_week": true
    }
  ],
  "sucursales": [
    {
      "sucursal": "CD REPUESTOS",
      "may_ots": 39,
      "may_billing": 7235433.0,
      "ticket_avg": 185523.92307692306,
      "jun_ots_actual": 26,
      "jun_ots_proj": 48,
      "jun_billing_proj": 8905148.307692308
    },
    {
      "sucursal": "CHILLAN",
      "may_ots": 326,
      "may_billing": 63899841.0,
      "ticket_avg": 196011.78220858896,
      "jun_ots_actual": 190,
      "jun_ots_proj": 348,
      "jun_billing_proj": 68212100.20858896
    },
    {
      "sucursal": "CHILLAN VIEJO",
      "may_ots": 0,
      "may_billing": 23264003.0,
      "ticket_avg": 272004.2491620112,
      "jun_ots_actual": 0,
      "jun_ots_proj": 0,
      "jun_billing_proj": 0.0
    },
    {
      "sucursal": "CURICO",
      "may_ots": 320,
      "may_billing": 89488799.0,
      "ticket_avg": 279652.496875,
      "jun_ots_actual": 188,
      "jun_ots_proj": 345,
      "jun_billing_proj": 96480111.421875
    },
    {
      "sucursal": "DESCONOCIDA",
      "may_ots": 471,
      "may_billing": 0.0,
      "ticket_avg": 0.0,
      "jun_ots_actual": 301,
      "jun_ots_proj": 552,
      "jun_billing_proj": 0.0
    },
    {
      "sucursal": "LINDEROS",
      "may_ots": 0,
      "may_billing": 90004936.0,
      "ticket_avg": 272004.2491620112,
      "jun_ots_actual": 0,
      "jun_ots_proj": 0,
      "jun_billing_proj": 0.0
    },
    {
      "sucursal": "PLACILLA",
      "may_ots": 0,
      "may_billing": 9525548.0,
      "ticket_avg": 272004.2491620112,
      "jun_ots_actual": 0,
      "jun_ots_proj": 0,
      "jun_billing_proj": 0.0
    },
    {
      "sucursal": "RANCAGUA",
      "may_ots": 324,
      "may_billing": 94240540.0,
      "ticket_avg": 290865.86419753084,
      "jun_ots_actual": 154,
      "jun_ots_proj": 282,
      "jun_billing_proj": 82024173.7037037
    },
    {
      "sucursal": "RANCAGUA USADOS",
      "may_ots": 0,
      "may_billing": 0.0,
      "ticket_avg": 272004.2491620112,
      "jun_ots_actual": 1,
      "jun_ots_proj": 2,
      "jun_billing_proj": 544008.4983240224
    },
    {
      "sucursal": "SAN FERNANDO",
      "may_ots": 0,
      "may_billing": 0.0,
      "ticket_avg": 272004.2491620112,
      "jun_ots_actual": 1,
      "jun_ots_proj": 2,
      "jun_billing_proj": 544008.4983240224
    },
    {
      "sucursal": "TALCA",
      "may_ots": 310,
      "may_billing": 109228506.0,
      "ticket_avg": 352350.0193548387,
      "jun_ots_actual": 180,
      "jun_ots_proj": 330,
      "jun_billing_proj": 116275506.38709678
    }
  ]
  }
