{
  "generado": "2026-06-16",
  "today_day": 16,
  "curr_month": 6,
  "curr_year": 2026,
  "prev_month": 5,
  "prev_year": 2026,
  "_debug_suc_prod": [
    "CD REPUESTOS",
    "CHILLAN",
    "CHILLAN VIEJO",
    "CURICO",
    "LINDEROS",
    "PLACILLA",
    "RANCAGUA",
    "TALCA",
    "TALCA 2"
  ],
  "may": {
    "billing_total": 463026874.0,
    "billing_gross": 469566648.0,
    "billing_deduct": -6539774.0,
    "ot_count": 1353,
    "ot_count_seg": 1790,
    "conversion_factor": 0.7558659217877095,
    "ticket_avg": 342222.37546193646,
    "working_days": 21,
    "daily_billing_avg": 22048898.76190476,
    "billing_by_day": {
      "4": 6604783.0,
      "5": 14943055.0,
      "6": 13630044.0,
      "7": 17243494.0,
      "8": 17919971.0,
      "11": 11267364.0,
      "12": 23986620.0,
      "13": 13019873.0,
      "14": 20562202.0,
      "15": 23608617.0,
      "18": 18618386.0,
      "19": 15526064.0,
      "20": 31936817.0,
      "22": 41733350.0,
      "25": 25079027.0,
      "26": 27431609.0,
      "27": 39978831.0,
      "28": 29649612.0,
      "29": 67328146.0,
      "30": 2959009.0
    },
    "billing_by_week": {
      "2": 70341347.0,
      "3": 92444676.0,
      "4": 107814617.0,
      "5": 192426234.0
    },
    "week_pct": {
      "2": 0.15191633779770633,
      "3": 0.19965293850309,
      "4": 0.23284742863542732,
      "5": 0.41558329506377634
    },
    "last_week_factor": 2.133323491030916,
    "ots_by_day": {
      "29": 137,
      "13": 84,
      "25": 106,
      "5": 113,
      "15": 66,
      "20": 56,
      "28": 106,
      "12": 96,
      "26": 105,
      "18": 113,
      "27": 97,
      "6": 95,
      "4": 78,
      "8": 63,
      "11": 90,
      "14": 93,
      "7": 92,
      "19": 101,
      "22": 89,
      "16": 8,
      "21": 2
    },
    "mix": {
      "CARGO INTERNO S/T": 39298334.0,
      "CIERRE GERENCIA S/T": -3628782.0,
      "FACTURA GARANTIA S/T": 83522351.0,
      "FACTURA S/T": 346745963.0,
      "NC CLIENTE S/T": -2910992.0
    }
  },
  "jun": {
    "ot_count": 1041,
    "ots_by_day": {
      "4": 92,
      "12": 63,
      "2": 92,
      "8": 106,
      "1": 137,
      "9": 87,
      "15": 107,
      "10": 111,
      "11": 79,
      "5": 72,
      "3": 95
    },
    "working_so_far": 12,
    "working_total": 22,
    "working_remain": 10,
    "daily_ot_rate_seg": 86.75,
    "daily_ot_rate": 65.57136871508379,
    "billing_real": 188209682.0,
    "billing_by_day_real": {
      "1": 12208399.0,
      "2": 16381726.0,
      "3": 11971224.0,
      "4": 14437042.0,
      "5": 18392257.0,
      "8": 18902444.0,
      "9": 21619220.0,
      "10": 14956225.0,
      "11": 14724524.0,
      "12": 24232014.0,
      "15": 20384607.0
    },
    "ticket_real": 299220.480127186
  },
  "scenarios": {
    "conservador": {
      "ots": 1618,
      "billing": 348774383.8410493
    },
    "probable": {
      "ots": 1697,
      "billing": 384498316.963434
    },
    "optimista": {
      "ots": 1762,
      "billing": 419049305.80372024
    }
  },
  "weekly": [
    {
      "week": 1,
      "start": 1,
      "end": 7,
      "weekdays": 5,
      "actual": 488,
      "projected": 488,
      "billing": 73390648.0,
      "all_past": true,
      "partial": false,
      "is_last_week": false
    },
    {
      "week": 2,
      "start": 8,
      "end": 14,
      "weekdays": 5,
      "actual": 446,
      "projected": 446,
      "billing": 94434427.0,
      "all_past": true,
      "partial": false,
      "is_last_week": false
    },
    {
      "week": 3,
      "start": 15,
      "end": 21,
      "weekdays": 5,
      "actual": 107,
      "projected": 304,
      "billing": 79245496.28857234,
      "all_past": false,
      "partial": true,
      "is_last_week": false
    },
    {
      "week": 4,
      "start": 22,
      "end": 28,
      "weekdays": 5,
      "actual": 0,
      "projected": 328,
      "billing": 89529444.41958511,
      "all_past": false,
      "partial": false,
      "is_last_week": false
    },
    {
      "week": 5,
      "start": 29,
      "end": 30,
      "weekdays": 2,
      "actual": 0,
      "projected": 131,
      "billing": 159791077.51014018,
      "all_past": false,
      "partial": false,
      "is_last_week": true
    }
  ],
  "sucursales": [
    {
      "sucursal": "CD REPUESTOS",
      "may_ots": 39,
      "may_billing": 7012544.0,
      "ticket_avg": 179808.8205128205,
      "jun_ots_actual": 26,
      "jun_ots_proj": 48,
      "jun_billing_proj": 8630823.384615384
    },
    {
      "sucursal": "CHILLAN",
      "may_ots": 326,
      "may_billing": 63899810.0,
      "ticket_avg": 196011.68711656443,
      "jun_ots_actual": 190,
      "jun_ots_proj": 348,
      "jun_billing_proj": 68212067.11656442
    },
    {
      "sucursal": "CHILLAN VIEJO",
      "may_ots": 0,
      "may_billing": 18076341.0,
      "ticket_avg": 342222.37546193646,
      "jun_ots_actual": 0,
      "jun_ots_proj": 0,
      "jun_billing_proj": 0.0
    },
    {
      "sucursal": "CURICO",
      "may_ots": 320,
      "may_billing": 87396535.0,
      "ticket_avg": 273114.171875,
      "jun_ots_actual": 188,
      "jun_ots_proj": 345,
      "jun_billing_proj": 94224389.296875
    },
    {
      "sucursal": "DESCONOCIDA",
      "may_ots": 471,
      "may_billing": 0.0,
      "ticket_avg": 0.0,
      "jun_ots_actual": 301,
      "jun_ots_proj": 552,
      "jun_billing_proj": 0.0
    },
    {
      "sucursal": "LINDEROS",
      "may_ots": 0,
      "may_billing": 85753671.0,
      "ticket_avg": 342222.37546193646,
      "jun_ots_actual": 0,
      "jun_ots_proj": 0,
      "jun_billing_proj": 0.0
    },
    {
      "sucursal": "PLACILLA",
      "may_ots": 0,
      "may_billing": 8740696.0,
      "ticket_avg": 342222.37546193646,
      "jun_ots_actual": 0,
      "jun_ots_proj": 0,
      "jun_billing_proj": 0.0
    },
    {
      "sucursal": "RANCAGUA",
      "may_ots": 324,
      "may_billing": 93276036.0,
      "ticket_avg": 287889.0,
      "jun_ots_actual": 154,
      "jun_ots_proj": 282,
      "jun_billing_proj": 81184698.0
    },
    {
      "sucursal": "RANCAGUA USADOS",
      "may_ots": 0,
      "may_billing": 0.0,
      "ticket_avg": 342222.37546193646,
      "jun_ots_actual": 1,
      "jun_ots_proj": 2,
      "jun_billing_proj": 684444.7509238729
    },
    {
      "sucursal": "SAN FERNANDO",
      "may_ots": 0,
      "may_billing": 0.0,
      "ticket_avg": 342222.37546193646,
      "jun_ots_actual": 1,
      "jun_ots_proj": 2,
      "jun_billing_proj": 684444.7509238729
    },
    {
      "sucursal": "TALCA",
      "may_ots": 290,
      "may_billing": 94314608.0,
      "ticket_avg": 325222.78620689653,
      "jun_ots_actual": 170,
      "jun_ots_proj": 312,
      "jun_billing_proj": 101469509.29655172
    },
    {
      "sucursal": "TALCA 2",
      "may_ots": 20,
      "may_billing": 4556633.0,
      "ticket_avg": 227831.65,
      "jun_ots_actual": 10,
      "jun_ots_proj": 18,
      "jun_billing_proj": 4100969.6999999997
    }
  ]
}
